timestamp,attack_type,target_ip,src_ip,pkt_count,pps,icmp_type
2026-05-13T16:13:33.735657,Single-Source DoS,127.0.0.1,127.0.0.1,5,5,Destination Unreachable – Fragmentation Needed (PMTUD Abuse)
2026-05-13T16:13:35.056387,Single-Source DoS,127.0.0.1,127.0.0.1,937,937,Destination Unreachable – Fragmentation Needed (PMTUD Abuse)
2026-05-13T16:13:36.604691,Single-Source DoS,127.0.0.1,127.0.0.1,913,913,Destination Unreachable – Fragmentation Needed (PMTUD Abuse)
2026-05-13T16:13:38.131981,Single-Source DoS,127.0.0.1,127.0.0.1,918,918,Destination Unreachable – Fragmentation Needed (PMTUD Abuse)
2026-05-13T16:13:39.677062,Single-Source DoS,127.0.0.1,127.0.0.1,879,879,Destination Unreachable – Fragmentation Needed (PMTUD Abuse)
2026-05-13T16:13:41.047837,Single-Source DoS,127.0.0.1,127.0.0.1,865,865,Destination Unreachable – Fragmentation Needed (PMTUD Abuse)
2026-05-13T16:13:42.478504,Single-Source DoS,127.0.0.1,127.0.0.1,1887,1887,Destination Unreachable – Fragmentation Needed (PMTUD Abuse)
2026-05-13T16:13:43.991344,Single-Source DoS,127.0.0.1,127.0.0.1,1939,1939,Destination Unreachable – Fragmentation Needed (PMTUD Abuse)
2026-05-13T16:13:45.443094,Single-Source DoS,127.0.0.1,127.0.0.1,1776,1776,Destination Unreachable – Fragmentation Needed (PMTUD Abuse)
2026-05-13T16:13:46.998090,Single-Source DoS,127.0.0.1,127.0.0.1,1734,1734,Destination Unreachable – Fragmentation Needed (PMTUD Abuse)
2026-05-13T16:13:48.439322,Single-Source DoS,127.0.0.1,127.0.0.1,1767,1767,Destination Unreachable – Fragmentation Needed (PMTUD Abuse)
2026-05-13T16:13:49.987230,Single-Source DoS,127.0.0.1,127.0.0.1,1893,1893,Destination Unreachable – Fragmentation Needed (PMTUD Abuse)
2026-05-13T16:13:51.479045,Single-Source DoS,127.0.0.1,127.0.0.1,1745,1745,Destination Unreachable – Fragmentation Needed (PMTUD Abuse)
2026-05-13T16:13:52.938702,Single-Source DoS,127.0.0.1,127.0.0.1,1811,1811,Destination Unreachable – Fragmentation Needed (PMTUD Abuse)
2026-05-13T16:13:54.356432,Single-Source DoS,127.0.0.1,127.0.0.1,2721,2721,Destination Unreachable – Fragmentation Needed (PMTUD Abuse)
2026-05-13T16:13:55.877800,Single-Source DoS,127.0.0.1,127.0.0.1,2800,2800,Destination Unreachable – Fragmentation Needed (PMTUD Abuse)
2026-05-13T16:13:57.399675,Single-Source DoS,127.0.0.1,127.0.0.1,2649,2649,Destination Unreachable – Fragmentation Needed (PMTUD Abuse)
2026-05-13T16:13:58.871452,Single-Source DoS,127.0.0.1,127.0.0.1,2789,2789,Destination Unreachable – Fragmentation Needed (PMTUD Abuse)
2026-05-13T16:14:00.384416,Single-Source DoS,127.0.0.1,127.0.0.1,2921,2921,Destination Unreachable – Fragmentation Needed (PMTUD Abuse)
2026-05-13T16:14:01.922058,Single-Source DoS,127.0.0.1,127.0.0.1,2873,2873,Destination Unreachable – Fragmentation Needed (PMTUD Abuse)
2026-05-13T16:14:03.399776,Single-Source DoS,127.0.0.1,127.0.0.1,2736,2736,Destination Unreachable – Fragmentation Needed (PMTUD Abuse)
2026-05-13T16:14:04.910409,Single-Source DoS,127.0.0.1,127.0.0.1,3149,3149,Destination Unreachable – Fragmentation Needed (PMTUD Abuse)
2026-05-13T16:14:06.386058,Single-Source DoS,127.0.0.1,127.0.0.1,2698,2698,Destination Unreachable – Fragmentation Needed (PMTUD Abuse)
2026-05-13T16:14:07.891830,Single-Source DoS,127.0.0.1,127.0.0.1,2749,2749,Destination Unreachable – Fragmentation Needed (PMTUD Abuse)
2026-05-13T16:19:31.632543,Single-Source DoS,127.0.0.1,127.0.0.1,5,5,Destination Unreachable – Fragmentation Needed (PMTUD Abuse)
2026-05-13T16:19:32.744440,Single-Source DoS,127.0.0.1,127.0.0.1,1733,1733,Destination Unreachable – Fragmentation Needed (PMTUD Abuse)
